<?xml version="1.0"?>
<doc>
    <assembly>
        <name>ST.Library.UI</name>
    </assembly>
    <members>
        <member name="F:ST.Library.UI.STNodeEditor.m_pt_in_control">
            <summary>
            当前鼠标在控件中的实时位置
            </summary>
        </member>
        <member name="F:ST.Library.UI.STNodeEditor.m_pt_in_canvas">
            <summary>
            当前鼠标在画布中的实时位置
            </summary>
        </member>
        <member name="F:ST.Library.UI.STNodeEditor.m_pt_down_in_control">
            <summary>
            鼠标点击时在控件上的位置
            </summary>
        </member>
        <member name="F:ST.Library.UI.STNodeEditor.m_pt_down_in_canvas">
            <summary>
            鼠标点击时在画布中的位置
            </summary>
        </member>
        <member name="F:ST.Library.UI.STNodeEditor.m_pt_canvas_old">
            <summary>
            用于鼠标点击移动画布时候 鼠标点下时候的画布坐标位置
            </summary>
        </member>
        <member name="F:ST.Library.UI.STNodeEditor.m_pt_dot_down">
            <summary>
            用于保存连线过程中保存点下 Option 的起点坐标
            </summary>
        </member>
        <member name="F:ST.Library.UI.STNodeEditor.m_option_down">
            <summary>
            用于保存连线过程中鼠标点下的起点Option 当MouseUP时候 确定是否连接此节点
            </summary>
        </member>
        <member name="M:ST.Library.UI.STNodeEditor.OnDrawGrid(ST.Library.UI.DrawingTools,System.Int32,System.Int32)">
            <summary>
            当绘制背景网格线时候发生
            </summary>
            <param name="dt">绘制工具</param>
            <param name="nWidth">需要绘制宽度</param>
            <param name="nHeight">需要绘制高度</param>
        </member>
        <member name="M:ST.Library.UI.STNodeEditor.OnDrawNode(ST.Library.UI.DrawingTools,System.Drawing.Rectangle)">
            <summary>
            当绘制 Node 时候发生
            </summary>
            <param name="dt">绘制工具</param>
            <param name="rect">可视画布区域大小</param>
        </member>
        <member name="M:ST.Library.UI.STNodeEditor.OnDrawConnectedLine(ST.Library.UI.DrawingTools)">
            <summary>
            当绘制已连接路径时候发生
            </summary>
            <param name="dt">绘制工具</param>
        </member>
        <member name="M:ST.Library.UI.STNodeEditor.OnDrawMark(ST.Library.UI.DrawingTools)">
            <summary>
            当绘制 Mark 详情信息时候发生
            </summary>
            <param name="dt">绘制工具</param>
        </member>
        <member name="M:ST.Library.UI.STNodeEditor.OnDrawMagnetLine(ST.Library.UI.DrawingTools,ST.Library.UI.STNodeEditor.MagnetInfo)">
            <summary>
            当移动 Node 时候 需要显示对齐参考线时候发生
            </summary>
            <param name="dt">绘制工具</param>
            <param name="mi">匹配的磁铁信息</param>
        </member>
        <member name="M:ST.Library.UI.STNodeEditor.OnDrawSelectedRectangle(ST.Library.UI.DrawingTools,System.Drawing.RectangleF)">
            <summary>
            绘制选择的矩形区域
            </summary>
            <param name="dt">绘制工具</param>
            <param name="rectf">位于控件上的矩形区域</param>
        </member>
        <member name="M:ST.Library.UI.STNodeEditor.OnDrawNodeOutLocation(ST.Library.UI.DrawingTools,System.Drawing.Size,System.Collections.Generic.List{System.Drawing.Point})">
            <summary>
            绘制超出视觉区域的 Node 位置提示信息
            </summary>
            <param name="dt">绘制工具</param>
            <param name="sz">提示框边距</param>
            <param name="lstPts">超出视觉区域的 Node 位置信息</param>
        </member>
        <member name="M:ST.Library.UI.STNodeEditor.OnDrawAlert(ST.Library.UI.DrawingTools,System.Drawing.Rectangle,System.String,System.Drawing.Color,System.Drawing.Color,ST.Library.UI.AlertLocation)">
            <summary>
            绘制提示信息
            </summary>
            <param name="dt">绘制工具</param>
            <param name="rect">需要绘制区域</param>
            <param name="strText">需要绘制文本</param>
            <param name="foreColor">信息前景色</param>
            <param name="backColor">信息背景色</param>
            <param name="al">信息位置</param>
        </member>
        <member name="M:ST.Library.UI.STNodeEditor.GetAlertRectangle(System.Drawing.Graphics,System.String,ST.Library.UI.AlertLocation)">
            <summary>
            获取提示信息需要绘制的矩形区域
            </summary>
            <param name="g">绘图表面</param>
            <param name="strText">需要绘制文本</param>
            <param name="al">信息位置</param>
            <returns>矩形区域</returns>
        </member>
        <member name="M:ST.Library.UI.STNodeEditor.FindNodeFromPoint(System.Drawing.PointF)">
            <summary>
            通过画布坐标进行寻找
            </summary>
            <param name="pt">画布中的坐标</param>
            <returns>寻找到的数据</returns>
        </member>
        <member name="M:ST.Library.UI.STNodeEditor.GetSelectedNode">
            <summary>
            获取已经被选择的 Node 集合
            </summary>
            <returns>Node 集合</returns>
        </member>
        <member name="M:ST.Library.UI.STNodeEditor.CanvasToControl(System.Single,System.Boolean)">
            <summary>
            将画布坐标转换为控件坐标
            </summary>
            <param name="number">参数</param>
            <param name="isX">是否为 X 坐标</param>
            <returns>转换后的坐标</returns>
        </member>
        <member name="M:ST.Library.UI.STNodeEditor.CanvasToControl(System.Drawing.PointF)">
            <summary>
            将画布坐标转换为控件坐标
            </summary>
            <param name="pt">坐标</param>
            <returns>转换后的坐标</returns>
        </member>
        <member name="M:ST.Library.UI.STNodeEditor.CanvasToControl(System.Drawing.Point)">
            <summary>
            将画布坐标转换为控件坐标
            </summary>
            <param name="pt">坐标</param>
            <returns>转换后的坐标</returns>
        </member>
        <member name="M:ST.Library.UI.STNodeEditor.CanvasToControl(System.Drawing.Rectangle)">
            <summary>
            将画布坐标转换为控件坐标
            </summary>
            <param name="rect">矩形区域</param>
            <returns>转换后的矩形区域</returns>
        </member>
        <member name="M:ST.Library.UI.STNodeEditor.CanvasToControl(System.Drawing.RectangleF)">
            <summary>
            将画布坐标转换为控件坐标
            </summary>
            <param name="rect">矩形区域</param>
            <returns>转换后的矩形区域</returns>
        </member>
        <member name="M:ST.Library.UI.STNodeEditor.ControlToCanvas(System.Single,System.Boolean)">
            <summary>
            将控件坐标转换为画布坐标
            </summary>
            <param name="number">参数</param>
            <param name="isX">是否为 X 坐标</param>
            <returns>转换后的坐标</returns>
        </member>
        <member name="M:ST.Library.UI.STNodeEditor.ControlToCanvas(System.Drawing.Point)">
            <summary>
            将控件坐标转换为画布坐标
            </summary>
            <param name="pt">坐标</param>
            <returns>转换后的坐标</returns>
        </member>
        <member name="M:ST.Library.UI.STNodeEditor.ControlToCanvas(System.Drawing.PointF)">
            <summary>
            将控件坐标转换为画布坐标
            </summary>
            <param name="pt">坐标</param>
            <returns>转换后的坐标</returns>
        </member>
        <member name="M:ST.Library.UI.STNodeEditor.ControlToCanvas(System.Drawing.Rectangle)">
            <summary>
            将控件坐标转换为画布坐标
            </summary>
            <param name="rect">矩形区域</param>
            <returns>转换后的区域</returns>
        </member>
        <member name="M:ST.Library.UI.STNodeEditor.ControlToCanvas(System.Drawing.RectangleF)">
            <summary>
            将控件坐标转换为画布坐标
            </summary>
            <param name="rect">矩形区域</param>
            <returns>转换后的区域</returns>
        </member>
        <member name="M:ST.Library.UI.STNodeEditor.MoveCanvas(System.Single,System.Single,System.Boolean,ST.Library.UI.CanvasMoveArgs)">
            <summary>
            移动画布原点坐标到指定的控件坐标位置
            当不存在 Node 时候 无法移动
            </summary>
            <param name="x">X 坐标</param>
            <param name="y">Y 坐标</param>
            <param name="bAnimation">移动过程中是否启动动画效果</param>
            <param name="ma">指定需要修改的坐标参数</param>
        </member>
        <member name="M:ST.Library.UI.STNodeEditor.ScaleCanvas(System.Single,System.Single,System.Single)">
            <summary>
            缩放画布
            当不存在 Node 时候 无法缩放
            </summary>
            <param name="f">缩放比例</param>
            <param name="x">以指定控件坐标 X 为中心进行缩放</param>
            <param name="y">以指定控件坐标 Y 为中心进行缩放</param>
        </member>
        <member name="M:ST.Library.UI.STNodeEditor.GetConnectionInfo">
            <summary>
            获取当前已连接的 Option 对应关系
            </summary>
            <returns>连接信息集合</returns>
        </member>
        <member name="M:ST.Library.UI.STNodeEditor.CanFindNodePath(ST.Library.UI.STNode,ST.Library.UI.STNode)">
            <summary>
            判断两个 Node 之间是否存在连接路径
            </summary>
            <param name="nodeStart">起始 Node</param>
            <param name="nodeFind">目标 Node</param>
            <returns>若存在路径返回true 否则false</returns>
        </member>
        <member name="M:ST.Library.UI.STNodeEditor.GetCanvasImage(System.Drawing.Rectangle)">
            <summary>
            获取画布中指定矩形区域图像
            </summary>
            <param name="rect">画布中指定的矩形区域</param>
            <returns>图像</returns>
        </member>
        <member name="M:ST.Library.UI.STNodeEditor.GetCanvasImage(System.Drawing.Rectangle,System.Single)">
            <summary>
            获取画布中指定矩形区域图像
            </summary>
            <param name="rect">画布中指定的矩形区域</param>
            <param name="fScale">缩放比例</param>
            <returns>图像</returns>
        </member>
        <member name="M:ST.Library.UI.STNodeEditor.SaveCanvas(System.String)">
            <summary>
            保存画布中的类容到文件中
            </summary>
            <param name="strFileName">文件路径</param>
        </member>
        <member name="M:ST.Library.UI.STNodeEditor.SaveCanvas(System.IO.Stream)">
            <summary>
            保存画布中的类容到数据流
            </summary>
            <param name="s">数据流对象</param>
        </member>
        <member name="M:ST.Library.UI.STNodeEditor.GetCanvasData">
            <summary>
            获取画布中内容二进制数据
            </summary>
            <returns>二进制数据</returns>
        </member>
        <member name="M:ST.Library.UI.STNodeEditor.LoadAssembly(System.String[])">
            <summary>
            加载程序集
            </summary>
            <param name="strFiles">程序集集合</param>
            <returns>存在STNode类型的文件的个数</returns>
        </member>
        <member name="M:ST.Library.UI.STNodeEditor.LoadAssembly(System.String)">
            <summary>
            加载程序集
            </summary>
            <param name="strFile">指定需要加载的文件</param>
            <returns>是否加载成功</returns>
        </member>
        <member name="M:ST.Library.UI.STNodeEditor.GetTypes">
            <summary>
            获取当前编辑器中已加载的Node类型
            </summary>
            <returns>类型集合</returns>
        </member>
        <member name="M:ST.Library.UI.STNodeEditor.LoadCanvas(System.String)">
            <summary>
            从文件中加载数据
            注意: 此方法并不会清空画布中数据 而是数据叠加
            </summary>
            <param name="strFileName">文件路径</param>
        </member>
        <member name="M:ST.Library.UI.STNodeEditor.LoadCanvas(System.Byte[])">
            <summary>
            从二进制加载数据
            注意: 此方法并不会清空画布中数据 而是数据叠加
            </summary>
            <param name="byData">二进制数据</param>
        </member>
        <member name="M:ST.Library.UI.STNodeEditor.LoadCanvas(System.IO.Stream)">
            <summary>
            从数据流中加载数据
            注意: 此方法并不会清空画布中数据 而是数据叠加
            </summary>
            <param name="s">数据流对象</param>
        </member>
        <member name="M:ST.Library.UI.STNodeEditor.ShowAlert(System.String,System.Drawing.Color,System.Drawing.Color)">
            <summary>
            在画布中显示提示信息
            </summary>
            <param name="strText">要显示的信息</param>
            <param name="foreColor">信息前景色</param>
            <param name="backColor">信息背景色</param>
        </member>
        <member name="M:ST.Library.UI.STNodeEditor.ShowAlert(System.String,System.Drawing.Color,System.Drawing.Color,ST.Library.UI.AlertLocation)">
            <summary>
            在画布中显示提示信息
            </summary>
            <param name="strText">要显示的信息</param>
            <param name="foreColor">信息前景色</param>
            <param name="backColor">信息背景色</param>
            <param name="al">信息要显示的位置</param>
        </member>
        <member name="M:ST.Library.UI.STNodeEditor.ShowAlert(System.String,System.Drawing.Color,System.Drawing.Color,System.Int32,ST.Library.UI.AlertLocation,System.Boolean)">
            <summary>
            在画布中显示提示信息
            </summary>
            <param name="strText">要显示的信息</param>
            <param name="foreColor">信息前景色</param>
            <param name="backColor">信息背景色</param>
            <param name="nTime">信息持续时间</param>
            <param name="al">信息要显示的位置</param>
            <param name="bRedraw">是否立即重绘</param>
        </member>
        <member name="M:ST.Library.UI.STNodeEditor.SetActiveNode(ST.Library.UI.STNode)">
            <summary>
            设置画布中活动的节点
            </summary>
            <param name="node">需要被设置为活动的节点</param>
            <returns>设置前的活动节点</returns>
        </member>
        <member name="P:ST.Library.UI.STNodeEditor.CanvasOffsetX">
            <summary>
            获取画布原点相对于控件 X 方向上的偏移位置
            </summary>
        </member>
        <member name="P:ST.Library.UI.STNodeEditor.CanvasOffsetY">
            <summary>
            获取画布原点相对于控件 Y 方向上的偏移位置
            </summary>
        </member>
        <member name="P:ST.Library.UI.STNodeEditor.CanvasOffset">
            <summary>
            获取画布原点相对于控件偏移位置
            </summary>
        </member>
        <member name="P:ST.Library.UI.STNodeEditor.CanvasValidBounds">
            <summary>
            获取画布中的有被用到的有效区域
            </summary>
        </member>
        <member name="P:ST.Library.UI.STNodeEditor.CanvasScale">
            <summary>
            获取画布的缩放比例
            </summary>
        </member>
        <member name="P:ST.Library.UI.STNodeEditor.Curvature">
            <summary>
            获取或设置 Option 之间连线的曲度
            </summary>
        </member>
        <member name="P:ST.Library.UI.STNodeEditor.Magnet">
            <summary>
            获取或设置移动画布中 Node 时候 是否启用磁铁效果
            </summary>
        </member>
        <member name="P:ST.Library.UI.STNodeEditor.ShowBorder">
            <summary>
            获取或设置 移动画布中是否显示 Node 边框
            </summary>
        </member>
        <member name="P:ST.Library.UI.STNodeEditor.ShowGrid">
            <summary>
            获取或设置画布中是否绘制背景网格线条
            </summary>
        </member>
        <member name="P:ST.Library.UI.STNodeEditor.ShowLocation">
            <summary>
            获取或设置是否在画布边缘显示超出视角的 Node 位置信息
            </summary>
        </member>
        <member name="P:ST.Library.UI.STNodeEditor.Nodes">
            <summary>
            获取画布中 Node 集合
            </summary>
        </member>
        <member name="P:ST.Library.UI.STNodeEditor.ActiveNode">
            <summary>
            获取或设置当前画布中被选中的活动 Node
            </summary>
        </member>
        <member name="P:ST.Library.UI.STNodeEditor.HoverNode">
            <summary>
            获取当前画布中鼠标悬停的 Node
            </summary>
        </member>
        <member name="P:ST.Library.UI.STNodeEditor.GridColor">
            <summary>
            获取或设置绘制画布背景时 网格线条颜色
            </summary>
        </member>
        <member name="P:ST.Library.UI.STNodeEditor.BorderColor">
            <summary>
            获取或设置画布中 Node 边框颜色
            </summary>
        </member>
        <member name="P:ST.Library.UI.STNodeEditor.BorderHoverColor">
            <summary>
            获取或设置画布中悬停 Node 边框颜色
            </summary>
        </member>
        <member name="P:ST.Library.UI.STNodeEditor.BorderSelectColor">
            <summary>
            获取或设置画布中选中 Node 边框颜色
            </summary>
        </member>
        <member name="P:ST.Library.UI.STNodeEditor.BorderActiveColor">
            <summary>
            获取或设置画布中活动 Node 边框颜色
            </summary>
        </member>
        <member name="P:ST.Library.UI.STNodeEditor.MarkForeColor">
            <summary>
            获取或设置画布绘制 Node 标记详情采用的前景色
            </summary>
        </member>
        <member name="P:ST.Library.UI.STNodeEditor.MarkBackColor">
            <summary>
            获取或设置画布绘制 Node 标记详情采用的背景色
            </summary>
        </member>
        <member name="P:ST.Library.UI.STNodeEditor.MagnetLineColor">
            <summary>
            获取或设置画布中移动 Node 时候 磁铁标记线颜色
            </summary>
        </member>
        <member name="P:ST.Library.UI.STNodeEditor.SelectedRectangleColor">
            <summary>
            获取或设置画布中选择矩形区域的颜色
            </summary>
        </member>
        <member name="P:ST.Library.UI.STNodeEditor.HighLineColor">
            <summary>
            获取或设置画布中高亮连线的颜色
            </summary>
        </member>
        <member name="P:ST.Library.UI.STNodeEditor.LocationForeColor">
            <summary>
            获取或设置画布中边缘位置提示区域前景色
            </summary>
        </member>
        <member name="P:ST.Library.UI.STNodeEditor.LocationBackColor">
            <summary>
            获取或设置画布中边缘位置提示区域背景色
            </summary>
        </member>
        <member name="P:ST.Library.UI.STNodeEditor.UnknownTypeColor">
            <summary>
            获取或设置画布中当 Node 中 Option 数据类型无法确定时应当使用的颜色
            </summary>
        </member>
        <member name="P:ST.Library.UI.STNodeEditor.TypeColor">
            <summary>
            获取或设置画布中 Node 中 Option 数据类型预设颜色
            </summary>
        </member>
        <member name="E:ST.Library.UI.STNodeEditor.SelectedChanged">
            <summary>
            选择的节点发生变化时候发生
            </summary>
        </member>
        <member name="E:ST.Library.UI.STNodeEditor.HoverChanged">
            <summary>
            悬停的节点发生变化时候发生
            </summary>
        </member>
        <member name="E:ST.Library.UI.STNodeEditor.NodeAdded">
            <summary>
            当节点被添加时候发生
            </summary>
        </member>
        <member name="E:ST.Library.UI.STNodeEditor.NodeRemoved">
            <summary>
            当节点被移除时候发生
            </summary>
        </member>
        <member name="E:ST.Library.UI.STNodeEditor.CanvasMoved">
            <summary>
            移动画布原点时候发生
            </summary>
        </member>
        <member name="E:ST.Library.UI.STNodeEditor.CanvasScaled">
            <summary>
            缩放画布时候发生
            </summary>
        </member>
        <member name="E:ST.Library.UI.STNodeEditor.OptionConnected">
            <summary>
            连接节点选项时候发生
            </summary>
        </member>
        <member name="E:ST.Library.UI.STNodeEditor.OptionConnecting">
            <summary>
            正在连接节点选项时候发生
            </summary>
        </member>
        <member name="E:ST.Library.UI.STNodeEditor.OptionDisConnected">
            <summary>
            断开节点选项时候发生
            </summary>
        </member>
        <member name="E:ST.Library.UI.STNodeEditor.OptionDisConnecting">
            <summary>
            正在断开节点选项时候发生
            </summary>
        </member>
        <member name="M:ST.Library.UI.STNodeCollection.EnsureSpace(System.Int32)">
            <summary>
            确认空间是否足够 空间不足扩大容量
            </summary>
            <param name="elements">需要增加的个数</param>
        </member>
        <member name="F:ST.Library.UI.STNode.m_ctrl_active">
            <summary>
            当前Node中 活动的控件
            </summary>
        </member>
        <member name="F:ST.Library.UI.STNode.m_ctrl_hover">
            <summary>
            当前Node中 悬停的控件
            </summary>
        </member>
        <member name="M:ST.Library.UI.STNode.OnCreate">
            <summary>
            当Node被构造时候发生
            </summary>
        </member>
        <member name="M:ST.Library.UI.STNode.OnDrawNode(ST.Library.UI.DrawingTools)">
            <summary>
            绘制整个Node
            </summary>
            <param name="dt">绘制工具</param>
        </member>
        <member name="M:ST.Library.UI.STNode.OnDrawTitle(ST.Library.UI.DrawingTools)">
            <summary>
            绘制Node标题部分
            </summary>
            <param name="dt">绘制工具</param>
        </member>
        <member name="M:ST.Library.UI.STNode.OnDrawBody(ST.Library.UI.DrawingTools)">
            <summary>
            绘制Node主体部分 除去标题部分
            </summary>
            <param name="dt">绘制工具</param>
        </member>
        <member name="M:ST.Library.UI.STNode.OnDrawMark(ST.Library.UI.DrawingTools)">
            <summary>
            绘制标记信息
            </summary>
            <param name="dt">绘制工具</param>
        </member>
        <member name="M:ST.Library.UI.STNode.OnDrawOptionDot(ST.Library.UI.DrawingTools,ST.Library.UI.STNodeOption)">
            <summary>
            绘制选项连线的点
            </summary>
            <param name="dt">绘制工具</param>
            <param name="op">指定的选项</param>
        </member>
        <member name="M:ST.Library.UI.STNode.OnSetOptionLocation(ST.Library.UI.STNodeOption)">
            <summary>
            当计算Option位置时候发生
            </summary>
            <param name="op">需要计算的Option</param>
            <returns>新的位置</returns>
        </member>
        <member name="M:ST.Library.UI.STNode.OnBuildNodeSize(ST.Library.UI.DrawingTools)">
            <summary>
            计算当前Node所需要的矩形区域
            若需要自己重绘Node 则应当重写此函数 以确定绘图区域大小
            返回的大小并不会限制绘制区域 任然可以在此区域之外绘制
            但是并不会被STNodeEditor所接受 并触发对应事件
            </summary>
        </member>
        <member name="M:ST.Library.UI.STNode.OnBuildMarkRectangle(ST.Library.UI.DrawingTools)">
            <summary>
            计算当前Mark所需要的矩形区域
            若需要自己重绘Mark 则应当重写此函数 以确定绘图区域大小
            返回的大小并不会限制绘制区域 任然可以在此区域之外绘制
            但是并不会被STNodeEditor所接受 并触发对应事件
            </summary>
        </member>
        <member name="M:ST.Library.UI.STNode.OnSaveNode(System.Collections.Generic.Dictionary{System.String,System.Byte[]})">
            <summary>
            当需要保存时候 此Node有哪些需要额外保存的数据
            注意: 保存时并不会进行序列化 还原时候仅重新通过空参数构造器创建此Node
                  然后调用 OnLoadNode() 将保存的数据进行还原
            </summary>
            <param name="dic">需要保存的数据</param>
        </member>
        <member name="M:ST.Library.UI.STNode.OnLoadNode(System.Collections.Generic.Dictionary{System.String,System.Byte[]})">
            <summary>
            当还原该节点时候会将 OnSaveNode() 所返回的数据重新传入此函数
            </summary>
            <param name="dic">保存时候的数据</param>
        </member>
        <member name="M:ST.Library.UI.STNode.OnOwnerChanged">
            <summary>
            当所有者发生改变时候发生
            </summary>
        </member>
        <member name="M:ST.Library.UI.STNode.OnSelectedChanged">
            <summary>
            当选中状态改变时候发生
            </summary>
        </member>
        <member name="M:ST.Library.UI.STNode.OnActiveChanged">
            <summary>
            当活动状态改变时候发生
            </summary>
        </member>
        <member name="M:ST.Library.UI.STNode.Invalidate">
            <summary>
            重绘Node
            </summary>
        </member>
        <member name="M:ST.Library.UI.STNode.Invalidate(System.Drawing.Rectangle)">
            <summary>
            重绘 Node 指定区域
            </summary>
            <param name="rect">Node 指定区域</param>
        </member>
        <member name="M:ST.Library.UI.STNode.GetInputOptions">
            <summary>
            获取此Node所包含的输入Option集合
            </summary>
            <returns>Option集合</returns>
        </member>
        <member name="M:ST.Library.UI.STNode.GetOutputOptions">
            <summary>
            获取此Node所包含的输出Option集合
            </summary>
            <returns>Option集合</returns>
        </member>
        <member name="M:ST.Library.UI.STNode.SetSelected(System.Boolean,System.Boolean)">
            <summary>
            设置Node的选中状态
            </summary>
            <param name="bSelected">是否选中</param>
            <param name="bRedraw">是否重绘</param>
        </member>
        <member name="P:ST.Library.UI.STNode.Owner">
            <summary>
            获取当前 Node 所有者
            </summary>
        </member>
        <member name="P:ST.Library.UI.STNode.IsSelected">
            <summary>
            获取或设置 Node 是否处于被选中状态
            </summary>
        </member>
        <member name="P:ST.Library.UI.STNode.IsActive">
            <summary>
            获取 Node 是否处于活动状态
            </summary>
        </member>
        <member name="P:ST.Library.UI.STNode.TitleColor">
            <summary>
            获取或设置标题背景颜色
            </summary>
        </member>
        <member name="P:ST.Library.UI.STNode.MarkColor">
            <summary>
            获取或设置标记信息背景颜色
            </summary>
        </member>
        <member name="P:ST.Library.UI.STNode.ForeColor">
            <summary>
            获取或设置当前 Node 前景色
            </summary>
        </member>
        <member name="P:ST.Library.UI.STNode.BackColor">
            <summary>
            获取或设置当前 Node 背景色
            </summary>
        </member>
        <member name="P:ST.Library.UI.STNode.Title">
            <summary>
            获取或设置 Node 标题
            </summary>
        </member>
        <member name="P:ST.Library.UI.STNode.Mark">
            <summary>
            获取或设置 Node 标记信息
            </summary>
        </member>
        <member name="P:ST.Library.UI.STNode.MarkLines">
            <summary>
            获取 Node 标记信息行数据
            </summary>
        </member>
        <member name="P:ST.Library.UI.STNode.Left">
            <summary>
            获取或设置 Node 左边坐标
            </summary>
        </member>
        <member name="P:ST.Library.UI.STNode.Top">
            <summary>
            获取或设置 Node 上边坐标
            </summary>
        </member>
        <member name="P:ST.Library.UI.STNode.Width">
            <summary>
            获取或设置 Node 宽度
            </summary>
        </member>
        <member name="P:ST.Library.UI.STNode.Height">
            <summary>
            获取或设置 Node 高度
            </summary>
        </member>
        <member name="P:ST.Library.UI.STNode.Right">
            <summary>
            获取 Node 右边边坐标
            </summary>
        </member>
        <member name="P:ST.Library.UI.STNode.Bottom">
            <summary>
            获取 Node 下边坐标
            </summary>
        </member>
        <member name="P:ST.Library.UI.STNode.Rectangle">
            <summary>
            获取 Node 矩形区域
            </summary>
        </member>
        <member name="P:ST.Library.UI.STNode.TitleRectangle">
            <summary>
            获取 Node 标题矩形区域
            </summary>
        </member>
        <member name="P:ST.Library.UI.STNode.MarkRectangle">
            <summary>
            获取 Node 标记矩形区域
            </summary>
        </member>
        <member name="P:ST.Library.UI.STNode.TitleHeight">
            <summary>
            获取或设置 Node 标题高度
            </summary>
        </member>
        <member name="P:ST.Library.UI.STNode.InputOptions">
            <summary>
            获取输入选项集合
            </summary>
        </member>
        <member name="P:ST.Library.UI.STNode.InputOptionsCount">
            <summary>
            获取输入选项集合个数
            </summary>
        </member>
        <member name="P:ST.Library.UI.STNode.OutputOptions">
            <summary>
            获取输出选项
            </summary>
        </member>
        <member name="P:ST.Library.UI.STNode.OutputOptionsCount">
            <summary>
            获取输出选项个数
            </summary>
        </member>
        <member name="P:ST.Library.UI.STNode.Controls">
            <summary>
            获取 Node 所包含的控件集合
            </summary>
        </member>
        <member name="P:ST.Library.UI.STNode.ControlsCount">
            <summary>
            获取 Node 所包含的控件集合个数
            </summary>
        </member>
        <member name="P:ST.Library.UI.STNode.Location">
            <summary>
            获取 Node 坐标位置
            </summary>
        </member>
        <member name="P:ST.Library.UI.STNode.Size">
            <summary>
            获取 Node 大小
            </summary>
        </member>
        <member name="P:ST.Library.UI.STNode.Font">
            <summary>
            获取或设置 Node 字体
            </summary>
        </member>
        <member name="P:ST.Library.UI.STNode.LockOption">
            <summary>
            获取或设置是否锁定Option选项 锁定后不在接受连接
            </summary>
        </member>
        <member name="P:ST.Library.UI.STNode.LockLocation">
            <summary>
            获取或设置是否锁定Node位置 锁定后不可移动
            </summary>
        </member>
        <member name="P:ST.Library.UI.STNode.ContextMenuStrip">
            <summary>
            获取或设置当前Node 上下文菜单
            </summary>
        </member>
        <member name="P:ST.Library.UI.STNode.Tag">
            <summary>
            获取或设置用户自定义保存的数据
            </summary>
        </member>
        <member name="F:ST.Library.UI.STNodeOption.m_hs_connected">
            <summary>
            保存已经被连接的点
            </summary>
        </member>
        <member name="M:ST.Library.UI.STNodeOption.#ctor(System.String,System.Type,System.Boolean)">
            <summary>
            构造一个 Option
            </summary>
            <param name="strText">显示文本</param>
            <param name="dataType">数据类型</param>
            <param name="bSingle">是否为单连接</param>
        </member>
        <member name="M:ST.Library.UI.STNodeOption.Invalidate">
            <summary>
            重绘整个控件
            </summary>
        </member>
        <member name="M:ST.Library.UI.STNodeOption.ConnectingOption(ST.Library.UI.STNodeOption)">
            <summary>
            当前 Option 开始连接目标 Option
            </summary>
            <param name="op">需要连接的 Option</param>
            <returns>是否允许继续操作</returns>
        </member>
        <member name="M:ST.Library.UI.STNodeOption.DisConnectingOption(ST.Library.UI.STNodeOption)">
            <summary>
            当前 Option 开始断开目标 Option
            </summary>
            <param name="op">需要断开的 Option</param>
            <returns>是否允许继续操作</returns>
        </member>
        <member name="M:ST.Library.UI.STNodeOption.ConnectOption(ST.Library.UI.STNodeOption)">
            <summary>
            当前 Option 连接目标 Option
            </summary>
            <param name="op">需要连接的 Option</param>
            <returns>连接结果</returns>
        </member>
        <member name="M:ST.Library.UI.STNodeOption.CanConnect(ST.Library.UI.STNodeOption)">
            <summary>
            检测当前 Option 是否可以连接目标 Option
            </summary>
            <param name="op">需要连接的 Option</param>
            <returns>检测结果</returns>
        </member>
        <member name="M:ST.Library.UI.STNodeOption.DisConnectOption(ST.Library.UI.STNodeOption)">
            <summary>
            当前 Option 断开目标 Option
            </summary>
            <param name="op">需要断开的 Option</param>
            <returns></returns>
        </member>
        <member name="M:ST.Library.UI.STNodeOption.DisConnectionAll">
            <summary>
            断开当前 Option 的所有连接
            </summary>
        </member>
        <member name="M:ST.Library.UI.STNodeOption.GetConnectedOption">
            <summary>
            获取当前 Option 所连接的 Option 集合
            </summary>
            <returns>如果为null 则表示不存在所有者 否则返回集合</returns>
        </member>
        <member name="M:ST.Library.UI.STNodeOption.TransferData">
            <summary>
            向当前 Option 所连接的所有 Option 投递数据
            </summary>
        </member>
        <member name="M:ST.Library.UI.STNodeOption.TransferData(System.Object)">
            <summary>
            向当前 Option 所连接的所有 Option 投递数据
            </summary>
            <param name="data">需要投递的数据</param>
        </member>
        <member name="P:ST.Library.UI.STNodeOption.Owner">
            <summary>
            获取当前 Option 所属的 Node
            </summary>
        </member>
        <member name="P:ST.Library.UI.STNodeOption.IsSingle">
            <summary>
            获取当前 Option 是否仅能被连接一次
            </summary>
        </member>
        <member name="P:ST.Library.UI.STNodeOption.IsInput">
            <summary>
            获取当前 Option 是否是输入选项
            </summary>
        </member>
        <member name="P:ST.Library.UI.STNodeOption.TextColor">
            <summary>
            获取或设置当前 Option 文本颜色
            </summary>
        </member>
        <member name="P:ST.Library.UI.STNodeOption.DotColor">
            <summary>
            获取或设置当前 Option 连接点的颜色
            </summary>
        </member>
        <member name="P:ST.Library.UI.STNodeOption.Text">
            <summary>
            获取或设置当前 Option 显示文本
            </summary>
        </member>
        <member name="P:ST.Library.UI.STNodeOption.DotLeft">
            <summary>
            获取当前 Option 连接点的左边坐标
            </summary>
        </member>
        <member name="P:ST.Library.UI.STNodeOption.DotTop">
            <summary>
            获取当前 Option 连接点的上边坐标
            </summary>
        </member>
        <member name="P:ST.Library.UI.STNodeOption.DotSize">
            <summary>
            获取当前 Option 连接点的宽度
            </summary>
        </member>
        <member name="P:ST.Library.UI.STNodeOption.Data">
            <summary>
            获取或者设置当前 Option 所包含的数据
            </summary>
        </member>
        <member name="P:ST.Library.UI.STNodeOption.DataType">
            <summary>
            获取当前 Option 数据类型
            </summary>
        </member>
        <member name="P:ST.Library.UI.STNodeOption.DotRectangle">
            <summary>
            获取当前 Option 连接点的区域
            </summary>
        </member>
        <member name="P:ST.Library.UI.STNodeOption.ConnectionCount">
            <summary>
            获取当前 Option 被连接的个数
            </summary>
        </member>
        <member name="P:ST.Library.UI.STNodeOption.ConnectedOption">
            <summary>
            获取当前 Option 所连接的 Option 集合
            </summary>
        </member>
        <member name="E:ST.Library.UI.STNodeOption.Connected">
            <summary>
            当被连接时候发生
            </summary>
        </member>
        <member name="E:ST.Library.UI.STNodeOption.Connecting">
            <summary>
            当连接开始发生时发生
            </summary>
        </member>
        <member name="E:ST.Library.UI.STNodeOption.DisConnected">
            <summary>
            当连接断开时候发生
            </summary>
        </member>
        <member name="E:ST.Library.UI.STNodeOption.DisConnecting">
            <summary>
            当连接开始断开时发生
            </summary>
        </member>
        <member name="E:ST.Library.UI.STNodeOption.DataTransfer">
            <summary>
            当有数据传递时候发生
            </summary>
        </member>
        <member name="M:ST.Library.UI.STNodeOptionCollection.EnsureSpace(System.Int32)">
            <summary>
            确认空间是否足够 空间不足扩大容量
            </summary>
            <param name="elements">需要增加的个数</param>
        </member>
        <member name="F:ST.Library.UI.ConnectionStatus.NoOwner">
            <summary>
            不存在所有者
            </summary>
        </member>
        <member name="F:ST.Library.UI.ConnectionStatus.SameOwner">
            <summary>
            相同的所有者
            </summary>
        </member>
        <member name="F:ST.Library.UI.ConnectionStatus.SameInputOrOutput">
            <summary>
            均为输入或者输出选项
            </summary>
        </member>
        <member name="F:ST.Library.UI.ConnectionStatus.ErrorType">
            <summary>
            不同的数据类型
            </summary>
        </member>
        <member name="F:ST.Library.UI.ConnectionStatus.SingleOption">
            <summary>
            单连接节点
            </summary>
        </member>
        <member name="F:ST.Library.UI.ConnectionStatus.Loop">
            <summary>
            出现环形路径
            </summary>
        </member>
        <member name="F:ST.Library.UI.ConnectionStatus.Exists">
            <summary>
            已存在的连接
            </summary>
        </member>
        <member name="F:ST.Library.UI.ConnectionStatus.Connected">
            <summary>
            已经连接
            </summary>
        </member>
        <member name="F:ST.Library.UI.ConnectionStatus.DisConnected">
            <summary>
            连接被断开
            </summary>
        </member>
        <member name="F:ST.Library.UI.ConnectionStatus.Locked">
            <summary>
            节点被锁定
            </summary>
        </member>
        <member name="F:ST.Library.UI.ConnectionStatus.Reject">
            <summary>
            操作被拒绝
            </summary>
        </member>
        <member name="F:ST.Library.UI.ConnectionStatus.Connecting">
            <summary>
            正在被连接
            </summary>
        </member>
        <member name="F:ST.Library.UI.ConnectionStatus.DisConnecting">
            <summary>
            正在断开连接
            </summary>
        </member>
        <member name="P:ST.Library.UI.STNodeOptionEventArgs.TargetOption">
            <summary>
            触发此事件的对应Option
            </summary>
        </member>
        <member name="P:ST.Library.UI.STNodeOptionEventArgs.Status">
            <summary>
            Option之间的连线状态
            </summary>
        </member>
        <member name="P:ST.Library.UI.STNodeOptionEventArgs.IsSponsor">
            <summary>
            是否为此次行为的发起者
            </summary>
        </member>
        <member name="P:ST.Library.UI.STNodeEditorOptionEventArgs.CurrentOption">
            <summary>
            主动触发事件的Option
            </summary>
        </member>
        <member name="P:ST.Library.UI.STNodeEditorOptionEventArgs.Continue">
            <summary>
            是否继续向下操作 用于Begin(Connecting/DisConnecting)是否继续向后操作
            </summary>
        </member>
        <member name="M:ST.Library.UI.STNodeControlCollection.EnsureSpace(System.Int32)">
            <summary>
            确认空间是否足够 空间不足扩大容量
            </summary>
            <param name="elements">需要增加的个数</param>
        </member>
    </members>
</doc>
